domain,precision,recall
agent_design,1.000000,0.600000
ai_governance,0.777778,0.875000
case,1.000000,0.600000
customer_service,0.700000,0.777778
internal_policy,0.769231,0.909091
operations,0.857143,0.923077
product,1.000000,1.000000
security,0.700000,0.636364
ticket_workflow,0.750000,0.750000
macro_f1_approx,,0.799918
